{
  "chart": {
    "title": "Life satisfaction vs. life expectancy",
    "subtitle": "The vertical axis shows life expectancy at birth. The horizontal axis shows self-reported life satisfaction in the Cantril Ladder (0-10 point scale with higher values representing higher life satisfaction).",
    "citation": "UN, World Population Prospects (2024); World Happiness Report (2012-2024)",
    "originalChartUrl": "https://ourworldindata.org/grapher/life-satisfaction-vs-life-expectancy?tab=table&time=2011..latest&v=1&csvType=filtered&useColumnShortNames=false",
    "selection": []
  },
  "columns": {
    "Life expectancy - Sex: all - Age: 0 - Variant: estimates": {
      "titleShort": "Life Expectancy,age 0",
      "titleLong": "Life Expectancy,age 0 - UN WPP",
      "descriptionShort": "Period life expectancy for individuals who have reached age 0. Estimates are expressed as the expected age at death, not as years left to live.",
      "descriptionKey": [],
      "shortUnit": "years",
      "unit": "years",
      "timespan": "1950-2023",
      "type": "Numeric",
      "owidVariableId": 950927,
      "shortName": "life_expectancy__sex_all__age_0__variant_estimates",
      "lastUpdated": "2024-07-12",
      "citationShort": "UN, World Population Prospects (2024) – processed by Our World in Data",
      "citationLong": "UN, World Population Prospects (2024) – processed by Our World in Data. “Life Expectancy,age 0 – UN WPP” [dataset]. United Nations, “World Population Prospects” [original data].",
      "fullMetadata": "https://api.ourworldindata.org/v1/indicators/950927.metadata.json"
    },
    "Cantril ladder score": {
      "titleShort": "Self-reported life satisfaction",
      "titleLong": "Self-reported life satisfaction - WHR",
      "descriptionShort": "Average of survey responses to the 'Cantril Ladder' question in the Gallup World Poll. The survey question asks respondents to think of a ladder, with the best possible life for them being a 10, and the worst possible life being a 0.",
      "descriptionKey": [
        "The Cantril ladder asks respondents to think of a ladder, with the best possible life for them being a 10 and the worst possible life being a 0. They are then asked to rate their own current lives on that 0 to 10 scale.",
        "The rankings are calculated by the source based on nationally representative samples for the three years prior to the year of the report, so that data for the 2024 report will draw from survey data from 2021-2023. We show the data for final year of the three-year survey period, i.e. we show the 2021-2023 survey data as 2023.",
        "The only exception is the data for the 2012 report, which uses survey data from 2005-2011, we show this data as the final year of the survey data - 2011.",
        "The number of people and countries surveyed varies year to year, but typically more than 100,000 people in 130 countries participate in the Gallup World Poll each year.",
        "The rankings are based entirely on the survey scores, using the Gallup weights to make the estimates representative.",
        "The data is the compilation of all previous World Happiness Reports, which can be found at https://worldhappiness.report/archive/."
      ],
      "descriptionProcessing": "Average of regions is calculated by taking a population-weighted average over all countries within that region.",
      "shortUnit": "",
      "unit": "",
      "timespan": "2011-2023",
      "type": "Numeric",
      "owidVariableId": 935657,
      "shortName": "cantril_ladder_score",
      "lastUpdated": "2024-06-09",
      "nextUpdate": "2025-06-09",
      "citationShort": "World Happiness Report (2012-2024) – with major processing by Our World in Data",
      "citationLong": "World Happiness Report (2012-2024) – with major processing by Our World in Data. “Self-reported life satisfaction – WHR” [dataset]. Wellbeing Research Centre, “World Happiness Report 2024”; Various sources, “Population” [original data].",
      "fullMetadata": "https://api.ourworldindata.org/v1/indicators/935657.metadata.json"
    },
    "Population (historical)": {
      "titleShort": "Population (historical)",
      "titleLong": "Population (historical)",
      "descriptionShort": "Population by country, available from 10,000 BCE to 2023, based on data and estimates from different sources.",
      "descriptionKey": [],
      "descriptionProcessing": "The population data is constructed by combining data from multiple sources:\n\n- 10,000 BCE - 1799: Historical estimates by HYDE (v3.3).\n\n- 1800 - 1949: Historical estimates by Gapminder (v7).\n\n- 1950-2023: Population records by the UN World Population Prospects (2024 revision).",
      "shortUnit": "",
      "unit": "people",
      "timespan": "-10000-2023",
      "type": "Integer",
      "owidVariableId": 953903,
      "shortName": "population_historical",
      "lastUpdated": "2024-07-15",
      "nextUpdate": "2026-07-15",
      "citationShort": "HYDE (2023); Gapminder (2022); UN WPP (2024) – with major processing by Our World in Data",
      "citationLong": "HYDE (2023); Gapminder (2022); UN WPP (2024) – with major processing by Our World in Data. “Population (historical)” [dataset]. PBL Netherlands Environmental Assessment Agency, “History Database of the Global Environment 3.3”; Gapminder, “Population v7”; United Nations, “World Population Prospects”; Gapminder, “Systema Globalis” [original data].",
      "fullMetadata": "https://api.ourworldindata.org/v1/indicators/953903.metadata.json"
    },
    "World regions according to OWID": {
      "titleShort": "World regions according to OWID",
      "titleLong": "World regions according to OWID",
      "descriptionKey": [],
      "unit": "",
      "timespan": "2023-2023",
      "type": "Continent",
      "owidVariableId": 900801,
      "shortName": "owid_region",
      "lastUpdated": "2023-01-01",
      "citationShort": "Our World in Data – processed by Our World in Data",
      "citationLong": "Our World in Data – processed by Our World in Data. “World regions according to OWID” [dataset]. Our World in Data, “Regions” [original data].",
      "fullMetadata": "https://api.ourworldindata.org/v1/indicators/900801.metadata.json"
    }
  },
  "dateDownloaded": "2024-12-19",
  "activeFilters": {
    "tab": "table",
    "time": "2011..latest"
  }
}